Name,Percentage,_key
Double Coins,10.752688172043,1
+20% HP from potions,8.60215053763441,10
Magnetic Aura,8.60215053763441,11
2 Pit Lifts,8.60215053763441,12
15% score bonus,8.60215053763441,2
-15% HP drain,8.60215053763441,3
Revive once with 80 HP,8.60215053763441,4
70% Crush Chance,9.67741935483871,6
+17% base speed,9.67741935483871,7
Gold Coin Magic,9.67741935483871,8
-30% collision damage,8.60215053763441,9
